"","group_id","beta1beta2","beta2minus1","varY1varY2","var2minus1","rho01rho02","rho02minus01","method2","method2, method3","method3","method3, method4_Chi2","method4_Chi2","method5_MVN","n"
"1",25,"(0.4, 0.4)",0,"(1.5, 0.5)",-1,"(0.1, 0.05)",-0.05,"0%","0%","4% (n = 13)","0%","96% (n = 287)","0%",300
"2",5,"(0.4, 0.4)",0,"(1.5, 0.5)",-1,"(0.1, 0.07)",-0.03,"0%","0%","46% (n = 138)","1% (n = 2)","53% (n = 160)","0%",300
"3",45,"(0.4, 0.4)",0,"(1.5, 0.5)",-1,"(0.1, 0.1)",0,"0%","0%","72% (n = 216)","0% (n = 1)","28% (n = 83)","0%",300
"4",65,"(0.4, 0.4)",0,"(1.5, 0.5)",-1,"(0.07, 0.1)",0.03,"0%","0%","82% (n = 245)","0%","18% (n = 55)","0%",300
"5",85,"(0.4, 0.4)",0,"(1.5, 0.5)",-1,"(0.05, 0.1)",0.05,"0%","0%","85% (n = 254)","0% (n = 1)","15% (n = 45)","0%",300
"6",21,"(0.4, 0.4)",0,"(1, 0.5)",-0.5,"(0.1, 0.05)",-0.05,"0%","0%","44% (n = 133)","4% (n = 11)","52% (n = 156)","0%",300
"7",1,"(0.4, 0.4)",0,"(1, 0.5)",-0.5,"(0.1, 0.07)",-0.03,"0%","0%","67% (n = 200)","0%","33% (n = 100)","0%",300
"8",41,"(0.4, 0.4)",0,"(1, 0.5)",-0.5,"(0.1, 0.1)",0,"0%","0%","100% (n = 300)","0%","0%","0%",300
"9",61,"(0.4, 0.4)",0,"(1, 0.5)",-0.5,"(0.07, 0.1)",0.03,"0%","0%","100% (n = 300)","0%","0%","0%",300
"10",81,"(0.4, 0.4)",0,"(1, 0.5)",-0.5,"(0.05, 0.1)",0.05,"0%","9% (n = 28)","75% (n = 226)","0%","0%","15% (n = 46)",300
"11",29,"(0.4, 0.4)",0,"(1, 1)",0,"(0.1, 0.05)",-0.05,"0%","0%","84% (n = 253)","0%","16% (n = 47)","0%",300
"12",9,"(0.4, 0.4)",0,"(1, 1)",0,"(0.1, 0.07)",-0.03,"0%","0%","100% (n = 300)","0%","0%","0%",300
"13",49,"(0.4, 0.4)",0,"(1, 1)",0,"(0.1, 0.1)",0,"0%","100% (n = 300)","0%","0%","0%","0%",300
"14",69,"(0.4, 0.4)",0,"(1, 1)",0,"(0.07, 0.1)",0.03,"0%","0%","100% (n = 300)","0%","0%","0%",300
"15",89,"(0.4, 0.4)",0,"(1, 1)",0,"(0.05, 0.1)",0.05,"0%","0%","84% (n = 253)","0%","16% (n = 47)","0%",300
"16",33,"(0.4, 0.4)",0,"(0.5, 1)",0.5,"(0.1, 0.05)",-0.05,"0%","9% (n = 28)","75% (n = 226)","0%","0%","15% (n = 46)",300
"17",13,"(0.4, 0.4)",0,"(0.5, 1)",0.5,"(0.1, 0.07)",-0.03,"0%","0%","100% (n = 300)","0%","0%","0%",300
"18",53,"(0.4, 0.4)",0,"(0.5, 1)",0.5,"(0.1, 0.1)",0,"0%","0%","100% (n = 300)","0%","0%","0%",300
"19",73,"(0.4, 0.4)",0,"(0.5, 1)",0.5,"(0.07, 0.1)",0.03,"0%","0%","67% (n = 200)","0%","33% (n = 100)","0%",300
"20",93,"(0.4, 0.4)",0,"(0.5, 1)",0.5,"(0.05, 0.1)",0.05,"0%","0%","44% (n = 133)","4% (n = 11)","52% (n = 156)","0%",300
"21",37,"(0.4, 0.4)",0,"(0.5, 1.5)",1,"(0.1, 0.05)",-0.05,"0%","0%","85% (n = 254)","0% (n = 1)","15% (n = 45)","0%",300
"22",17,"(0.4, 0.4)",0,"(0.5, 1.5)",1,"(0.1, 0.07)",-0.03,"0%","0%","82% (n = 245)","0%","18% (n = 55)","0%",300
"23",57,"(0.4, 0.4)",0,"(0.5, 1.5)",1,"(0.1, 0.1)",0,"0%","0%","72% (n = 216)","0% (n = 1)","28% (n = 83)","0%",300
"24",77,"(0.4, 0.4)",0,"(0.5, 1.5)",1,"(0.07, 0.1)",0.03,"0%","0%","46% (n = 138)","1% (n = 2)","53% (n = 160)","0%",300
"25",97,"(0.4, 0.4)",0,"(0.5, 1.5)",1,"(0.05, 0.1)",0.05,"0%","0%","4% (n = 13)","0%","96% (n = 287)","0%",300
"26",26,"(0.3, 0.4)",0.1,"(1.5, 0.5)",-1,"(0.1, 0.05)",-0.05,"0%","0%","0%","0%","100% (n = 300)","0%",300
"27",6,"(0.3, 0.4)",0.1,"(1.5, 0.5)",-1,"(0.1, 0.07)",-0.03,"0%","0%","1% (n = 2)","0%","99% (n = 298)","0%",300
"28",46,"(0.3, 0.4)",0.1,"(1.5, 0.5)",-1,"(0.1, 0.1)",0,"0%","0%","32% (n = 96)","0%","68% (n = 204)","0%",300
"29",66,"(0.3, 0.4)",0.1,"(1.5, 0.5)",-1,"(0.07, 0.1)",0.03,"0%","0%","56% (n = 168)","0% (n = 1)","44% (n = 131)","0%",300
"30",86,"(0.3, 0.4)",0.1,"(1.5, 0.5)",-1,"(0.05, 0.1)",0.05,"0%","0%","60% (n = 181)","0%","40% (n = 119)","0%",300
"31",22,"(0.3, 0.4)",0.1,"(1, 0.5)",-0.5,"(0.1, 0.05)",-0.05,"0%","0%","0% (n = 1)","0%","100% (n = 299)","0%",300
"32",2,"(0.3, 0.4)",0.1,"(1, 0.5)",-0.5,"(0.1, 0.07)",-0.03,"0%","0%","24% (n = 73)","0% (n = 1)","75% (n = 226)","0%",300
"33",42,"(0.3, 0.4)",0.1,"(1, 0.5)",-0.5,"(0.1, 0.1)",0,"0%","0%","62% (n = 187)","0%","38% (n = 113)","0%",300
"34",62,"(0.3, 0.4)",0.1,"(1, 0.5)",-0.5,"(0.07, 0.1)",0.03,"0%","0%","73% (n = 220)","0%","27% (n = 80)","0%",300
"35",82,"(0.3, 0.4)",0.1,"(1, 0.5)",-0.5,"(0.05, 0.1)",0.05,"0%","0%","80% (n = 239)","0%","20% (n = 61)","0%",300
"36",30,"(0.3, 0.4)",0.1,"(1, 1)",0,"(0.1, 0.05)",-0.05,"0%","0%","60% (n = 181)","0%","40% (n = 119)","0%",300
"37",10,"(0.3, 0.4)",0.1,"(1, 1)",0,"(0.1, 0.07)",-0.03,"0%","0%","82% (n = 245)","0%","18% (n = 55)","0%",300
"38",50,"(0.3, 0.4)",0.1,"(1, 1)",0,"(0.1, 0.1)",0,"0%","100% (n = 300)","0%","0%","0%","0%",300
"39",70,"(0.3, 0.4)",0.1,"(1, 1)",0,"(0.07, 0.1)",0.03,"100% (n = 300)","0%","0%","0%","0%","0%",300
"40",90,"(0.3, 0.4)",0.1,"(1, 1)",0,"(0.05, 0.1)",0.05,"3% (n = 8)","1% (n = 2)","80% (n = 241)","0%","0%","16% (n = 49)",300
"41",34,"(0.3, 0.4)",0.1,"(0.5, 1)",0.5,"(0.1, 0.05)",-0.05,"89% (n = 267)","0%","0%","0%","11% (n = 32)","0% (n = 1)",300
"42",14,"(0.3, 0.4)",0.1,"(0.5, 1)",0.5,"(0.1, 0.07)",-0.03,"98% (n = 295)","0% (n = 1)","1% (n = 3)","0%","0%","0% (n = 1)",300
"43",54,"(0.3, 0.4)",0.1,"(0.5, 1)",0.5,"(0.1, 0.1)",0,"0%","0%","100% (n = 300)","0%","0%","0%",300
"44",74,"(0.3, 0.4)",0.1,"(0.5, 1)",0.5,"(0.07, 0.1)",0.03,"0%","0%","100% (n = 300)","0%","0%","0%",300
"45",94,"(0.3, 0.4)",0.1,"(0.5, 1)",0.5,"(0.05, 0.1)",0.05,"0%","0%","81% (n = 243)","0%","19% (n = 57)","0%",300
"46",38,"(0.3, 0.4)",0.1,"(0.5, 1.5)",1,"(0.1, 0.05)",-0.05,"11% (n = 32)","1% (n = 3)","72% (n = 217)","0%","0%","16% (n = 48)",300
"47",18,"(0.3, 0.4)",0.1,"(0.5, 1.5)",1,"(0.1, 0.07)",-0.03,"0%","0%","99% (n = 297)","0%","0%","1% (n = 3)",300
"48",58,"(0.3, 0.4)",0.1,"(0.5, 1.5)",1,"(0.1, 0.1)",0,"0%","0%","100% (n = 300)","0%","0%","0%",300
"49",78,"(0.3, 0.4)",0.1,"(0.5, 1.5)",1,"(0.07, 0.1)",0.03,"0%","0%","83% (n = 250)","0%","17% (n = 50)","0%",300
"50",98,"(0.3, 0.4)",0.1,"(0.5, 1.5)",1,"(0.05, 0.1)",0.05,"0%","0%","61% (n = 183)","0%","39% (n = 117)","0%",300
"51",27,"(0.2, 0.4)",0.2,"(1.5, 0.5)",-1,"(0.1, 0.05)",-0.05,"0%","0%","0%","0%","100% (n = 300)","0%",300
"52",7,"(0.2, 0.4)",0.2,"(1.5, 0.5)",-1,"(0.1, 0.07)",-0.03,"0%","0%","0%","0%","100% (n = 300)","0%",300
"53",47,"(0.2, 0.4)",0.2,"(1.5, 0.5)",-1,"(0.1, 0.1)",0,"0%","0%","0%","0%","100% (n = 300)","0%",300
"54",67,"(0.2, 0.4)",0.2,"(1.5, 0.5)",-1,"(0.07, 0.1)",0.03,"0%","0%","0%","0%","100% (n = 300)","0%",300
"55",87,"(0.2, 0.4)",0.2,"(1.5, 0.5)",-1,"(0.05, 0.1)",0.05,"0%","0%","5% (n = 15)","0%","95% (n = 285)","0%",300
"56",23,"(0.2, 0.4)",0.2,"(1, 0.5)",-0.5,"(0.1, 0.05)",-0.05,"0%","0%","0%","0%","100% (n = 300)","0%",300
"57",3,"(0.2, 0.4)",0.2,"(1, 0.5)",-0.5,"(0.1, 0.07)",-0.03,"0%","0%","0%","0%","100% (n = 300)","0%",300
"58",43,"(0.2, 0.4)",0.2,"(1, 0.5)",-0.5,"(0.1, 0.1)",0,"0%","0%","2% (n = 6)","0%","98% (n = 294)","0%",300
"59",63,"(0.2, 0.4)",0.2,"(1, 0.5)",-0.5,"(0.07, 0.1)",0.03,"0%","0%","15% (n = 44)","0% (n = 1)","85% (n = 255)","0%",300
"60",83,"(0.2, 0.4)",0.2,"(1, 0.5)",-0.5,"(0.05, 0.1)",0.05,"0%","0%","40% (n = 120)","0%","60% (n = 180)","0%",300
"61",31,"(0.2, 0.4)",0.2,"(1, 1)",0,"(0.1, 0.05)",-0.05,"0%","0%","5% (n = 14)","0%","95% (n = 286)","0%",300
"62",11,"(0.2, 0.4)",0.2,"(1, 1)",0,"(0.1, 0.07)",-0.03,"0%","0%","41% (n = 124)","0%","59% (n = 176)","0%",300
"63",51,"(0.2, 0.4)",0.2,"(1, 1)",0,"(0.1, 0.1)",0,"0%","64% (n = 193)","0%","0%","36% (n = 107)","0%",300
"64",71,"(0.2, 0.4)",0.2,"(1, 1)",0,"(0.07, 0.1)",0.03,"79% (n = 238)","0%","0%","0%","21% (n = 62)","0%",300
"65",91,"(0.2, 0.4)",0.2,"(1, 1)",0,"(0.05, 0.1)",0.05,"81% (n = 242)","0%","0%","0%","19% (n = 58)","0%",300
"66",35,"(0.2, 0.4)",0.2,"(0.5, 1)",0.5,"(0.1, 0.05)",-0.05,"60% (n = 181)","0%","0%","0%","40% (n = 119)","0%",300
"67",15,"(0.2, 0.4)",0.2,"(0.5, 1)",0.5,"(0.1, 0.07)",-0.03,"81% (n = 243)","0%","0%","0%","19% (n = 57)","0%",300
"68",55,"(0.2, 0.4)",0.2,"(0.5, 1)",0.5,"(0.1, 0.1)",0,"100% (n = 300)","0%","0%","0%","0%","0%",300
"69",75,"(0.2, 0.4)",0.2,"(0.5, 1)",0.5,"(0.07, 0.1)",0.03,"89% (n = 268)","0%","11% (n = 32)","0%","0%","0%",300
"70",95,"(0.2, 0.4)",0.2,"(0.5, 1)",0.5,"(0.05, 0.1)",0.05,"12% (n = 36)","0%","72% (n = 216)","0%","0%","16% (n = 48)",300
"71",39,"(0.2, 0.4)",0.2,"(0.5, 1.5)",1,"(0.1, 0.05)",-0.05,"80% (n = 241)","0%","0%","0%","20% (n = 59)","0%",300
"72",19,"(0.2, 0.4)",0.2,"(0.5, 1.5)",1,"(0.1, 0.07)",-0.03,"100% (n = 300)","0%","0%","0%","0%","0%",300
"73",59,"(0.2, 0.4)",0.2,"(0.5, 1.5)",1,"(0.1, 0.1)",0,"41% (n = 124)","0%","59% (n = 176)","0%","0%","0%",300
"74",79,"(0.2, 0.4)",0.2,"(0.5, 1.5)",1,"(0.07, 0.1)",0.03,"0%","0%","96% (n = 288)","0%","0%","4% (n = 12)",300
"75",99,"(0.2, 0.4)",0.2,"(0.5, 1.5)",1,"(0.05, 0.1)",0.05,"0%","0%","85% (n = 254)","0%","1% (n = 2)","15% (n = 44)",300
"76",28,"(0.1, 0.4)",0.3,"(1.5, 0.5)",-1,"(0.1, 0.05)",-0.05,"0%","0%","0%","0%","100% (n = 300)","0%",300
"77",8,"(0.1, 0.4)",0.3,"(1.5, 0.5)",-1,"(0.1, 0.07)",-0.03,"0%","0%","0%","0%","100% (n = 300)","0%",300
"78",48,"(0.1, 0.4)",0.3,"(1.5, 0.5)",-1,"(0.1, 0.1)",0,"0%","0%","0%","0%","100% (n = 300)","0%",300
"79",68,"(0.1, 0.4)",0.3,"(1.5, 0.5)",-1,"(0.07, 0.1)",0.03,"0%","0%","0%","0%","100% (n = 300)","0%",300
"80",88,"(0.1, 0.4)",0.3,"(1.5, 0.5)",-1,"(0.05, 0.1)",0.05,"0%","0%","0%","0%","100% (n = 300)","0%",300
"81",24,"(0.1, 0.4)",0.3,"(1, 0.5)",-0.5,"(0.1, 0.05)",-0.05,"0%","0%","0%","0%","100% (n = 300)","0%",300
"82",4,"(0.1, 0.4)",0.3,"(1, 0.5)",-0.5,"(0.1, 0.07)",-0.03,"0%","0%","0%","0%","100% (n = 300)","0%",300
"83",44,"(0.1, 0.4)",0.3,"(1, 0.5)",-0.5,"(0.1, 0.1)",0,"0%","0%","0%","0%","100% (n = 300)","0%",300
"84",64,"(0.1, 0.4)",0.3,"(1, 0.5)",-0.5,"(0.07, 0.1)",0.03,"0%","0%","0%","0%","100% (n = 300)","0%",300
"85",84,"(0.1, 0.4)",0.3,"(1, 0.5)",-0.5,"(0.05, 0.1)",0.05,"0%","0%","0%","0%","100% (n = 300)","0%",300
"86",32,"(0.1, 0.4)",0.3,"(1, 1)",0,"(0.1, 0.05)",-0.05,"0%","0%","0%","0%","100% (n = 300)","0%",300
"87",12,"(0.1, 0.4)",0.3,"(1, 1)",0,"(0.1, 0.07)",-0.03,"0%","0%","0%","0%","100% (n = 300)","0%",300
"88",52,"(0.1, 0.4)",0.3,"(1, 1)",0,"(0.1, 0.1)",0,"0%","0%","0%","0%","100% (n = 300)","0%",300
"89",72,"(0.1, 0.4)",0.3,"(1, 1)",0,"(0.07, 0.1)",0.03,"16% (n = 49)","0%","0%","0%","84% (n = 251)","0%",300
"90",92,"(0.1, 0.4)",0.3,"(1, 1)",0,"(0.05, 0.1)",0.05,"47% (n = 142)","0%","0%","0%","53% (n = 158)","0%",300
"91",36,"(0.1, 0.4)",0.3,"(0.5, 1)",0.5,"(0.1, 0.05)",-0.05,"0%","0%","0%","0%","100% (n = 300)","0%",300
"92",16,"(0.1, 0.4)",0.3,"(0.5, 1)",0.5,"(0.1, 0.07)",-0.03,"21% (n = 64)","0%","0%","0%","79% (n = 236)","0%",300
"93",56,"(0.1, 0.4)",0.3,"(0.5, 1)",0.5,"(0.1, 0.1)",0,"60% (n = 180)","0%","0%","0%","40% (n = 120)","0%",300
"94",76,"(0.1, 0.4)",0.3,"(0.5, 1)",0.5,"(0.07, 0.1)",0.03,"62% (n = 186)","0%","0%","0%","38% (n = 114)","0%",300
"95",96,"(0.1, 0.4)",0.3,"(0.5, 1)",0.5,"(0.05, 0.1)",0.05,"64% (n = 193)","0%","0%","0%","36% (n = 107)","0%",300
"96",40,"(0.1, 0.4)",0.3,"(0.5, 1.5)",1,"(0.1, 0.05)",-0.05,"39% (n = 116)","0%","0%","0%","61% (n = 184)","0%",300
"97",20,"(0.1, 0.4)",0.3,"(0.5, 1.5)",1,"(0.1, 0.07)",-0.03,"60% (n = 180)","0%","0%","0%","40% (n = 120)","0%",300
"98",60,"(0.1, 0.4)",0.3,"(0.5, 1.5)",1,"(0.1, 0.1)",0,"80% (n = 240)","0%","0%","0%","20% (n = 60)","0%",300
"99",80,"(0.1, 0.4)",0.3,"(0.5, 1.5)",1,"(0.07, 0.1)",0.03,"81% (n = 242)","0%","0%","0%","19% (n = 58)","0%",300
"100",100,"(0.1, 0.4)",0.3,"(0.5, 1.5)",1,"(0.05, 0.1)",0.05,"80% (n = 241)","0%","0%","0%","20% (n = 59)","0%",300
